,Model,Score,Total time
0,Linear Reggression,0.4232571398259446,0.025739431381225586
1,Gradient Boost,0.7106955595640927,4.193488836288452
2,K-Nearest Neighbors,0.8144759872945573,0.8761513233184814
4,Random Forest,0.8516355033249845,9.985679388046265
5,Decision Tree,0.6739189035108546,0.16235136985778809
6,AdaBoostRegressor,0.8615472432022044,441.2613732814789
